Week End,Season,Measure,Age Group,Race/Ethnicity,Sex,Population Size,Count,Percent
09/16/2023,2023-2024,UpToDate_2023_2024,0-17 yrs,All Race/Ethnicities,All Sexes,545173,6,0.0
09/23/2023,2023-2024,UpToDate_2023_2024,0-17 yrs,All Race/Ethnicities,All Sexes,545173,187,0.0
09/30/2023,2023-2024,UpToDate_2023_2024,0-17 yrs,All Race/Ethnicities,All Sexes,545173,633,0.0
10/07/2023,2023-2024,UpToDate_2023_2024,0-17 yrs,All Race/Ethnicities,All Sexes,545173,1536,0.0
10/14/2023,2023-2024,UpToDate_2023_2024,0-17 yrs,All Race/Ethnicities,All Sexes,545173,3658,0.0
10/21/2023,2023-2024,UpToDate_2023_2024,0-17 yrs,All Race/Ethnicities,All Sexes,545173,6073,0.0
10/28/2023,2023-2024,UpToDate_2023_2024,0-17 yrs,All Race/Ethnicities,All Sexes,545173,7820,0.0
11/04/2023,2023-2024,UpToDate_2023_2024,0-17 yrs,All Race/Ethnicities,All Sexes,545173,8331,0.0
09/16/2023,2023-2024,UpToDate_2023_2024,0-4 yrs,All Race/Ethnicities,All Sexes,149804,0,0.0
09/23/2023,2023-2024,UpToDate_2023_2024,0-4 yrs,All Race/Ethnicities,All Sexes,149804,44,0.0
09/30/2023,2023-2024,UpToDate_2023_2024,0-4 yrs,All Race/Ethnicities,All Sexes,149804,157,0.0
10/07/2023,2023-2024,UpToDate_2023_2024,0-4 yrs,All Race/Ethnicities,All Sexes,149804,366,0.0
10/14/2023,2023-2024,UpToDate_2023_2024,0-4 yrs,All Race/Ethnicities,All Sexes,149804,1035,0.0
10/21/2023,2023-2024,UpToDate_2023_2024,0-4 yrs,All Race/Ethnicities,All Sexes,149804,1819,0.0
10/28/2023,2023-2024,UpToDate_2023_2024,0-4 yrs,All Race/Ethnicities,All Sexes,149804,2170,0.0
11/04/2023,2023-2024,UpToDate_2023_2024,0-4 yrs,All Race/Ethnicities,All Sexes,149804,2355,0.0
09/16/2023,2023-2024,UpToDate_2023_2024,0-4 yrs,"Asian, non-Latinx",All Sexes,8903,0,0.0
09/23/2023,2023-2024,UpToDate_2023_2024,0-4 yrs,"Asian, non-Latinx",All Sexes,8903,8,0.0
09/30/2023,2023-2024,UpToDate_2023_2024,0-4 yrs,"Asian, non-Latinx",All Sexes,8903,20,0.0
10/07/2023,2023-2024,UpToDate_2023_2024,0-4 yrs,"Asian, non-Latinx",All Sexes,8903,38,0.0
10/14/2023,2023-2024,UpToDate_2023_2024,0-4 yrs,"Asian, non-Latinx",All Sexes,8903,112,0.0
10/21/2023,2023-2024,UpToDate_2023_2024,0-4 yrs,"Asian, non-Latinx",All Sexes,8903,188,0.0
10/28/2023,2023-2024,UpToDate_2023_2024,0-4 yrs,"Asian, non-Latinx",All Sexes,8903,232,0.0
11/04/2023,2023-2024,UpToDate_2023_2024,0-4 yrs,"Asian, non-Latinx",All Sexes,8903,246,0.0
09/16/2023,2023-2024,UpToDate_2023_2024,0-4 yrs,"Black, non-Latinx",All Sexes,43530,0,0.0
09/23/2023,2023-2024,UpToDate_2023_2024,0-4 yrs,"Black, non-Latinx",All Sexes,43530,1,0.0
09/30/2023,2023-2024,UpToDate_2023_2024,0-4 yrs,"Black, non-Latinx",All Sexes,43530,7,0.0
10/07/2023,2023-2024,UpToDate_2023_2024,0-4 yrs,"Black, non-Latinx",All Sexes,43530,17,0.0
10/14/2023,2023-2024,UpToDate_2023_2024,0-4 yrs,"Black, non-Latinx",All Sexes,43530,51,0.0
10/21/2023,2023-2024,UpToDate_2023_2024,0-4 yrs,"Black, non-Latinx",All Sexes,43530,85,0.0
10/28/2023,2023-2024,UpToDate_2023_2024,0-4 yrs,"Black, non-Latinx",All Sexes,43530,98,0.0
11/04/2023,2023-2024,UpToDate_2023_2024,0-4 yrs,"Black, non-Latinx",All Sexes,43530,108,0.0
09/16/2023,2023-2024,UpToDate_2023_2024,0-4 yrs,Latinx,All Sexes,52737,0,0.0
09/23/2023,2023-2024,UpToDate_2023_2024,0-4 yrs,Latinx,All Sexes,52737,3,0.0
09/30/2023,2023-2024,UpToDate_2023_2024,0-4 yrs,Latinx,All Sexes,52737,13,0.0
10/07/2023,2023-2024,UpToDate_2023_2024,0-4 yrs,Latinx,All Sexes,52737,39,0.0
10/14/2023,2023-2024,UpToDate_2023_2024,0-4 yrs,Latinx,All Sexes,52737,133,0.0
10/21/2023,2023-2024,UpToDate_2023_2024,0-4 yrs,Latinx,All Sexes,52737,237,0.0
10/28/2023,2023-2024,UpToDate_2023_2024,0-4 yrs,Latinx,All Sexes,52737,287,0.0
11/04/2023,2023-2024,UpToDate_2023_2024,0-4 yrs,Latinx,All Sexes,52737,320,0.0
09/16/2023,2023-2024,UpToDate_2023_2024,0-4 yrs,"Other, non-Latinx",All Sexes,8900,0,0.0
09/23/2023,2023-2024,UpToDate_2023_2024,0-4 yrs,"Other, non-Latinx",All Sexes,8900,0,0.0
09/30/2023,2023-2024,UpToDate_2023_2024,0-4 yrs,"Other, non-Latinx",All Sexes,8900,2,0.0
10/07/2023,2023-2024,UpToDate_2023_2024,0-4 yrs,"Other, non-Latinx",All Sexes,8900,8,0.0
10/14/2023,2023-2024,UpToDate_2023_2024,0-4 yrs,"Other, non-Latinx",All Sexes,8900,32,0.0
10/21/2023,2023-2024,UpToDate_2023_2024,0-4 yrs,"Other, non-Latinx",All Sexes,8900,74,0.0
10/28/2023,2023-2024,UpToDate_2023_2024,0-4 yrs,"Other, non-Latinx",All Sexes,8900,107,0.0
11/04/2023,2023-2024,UpToDate_2023_2024,0-4 yrs,"Other, non-Latinx",All Sexes,8900,134,0.0
09/16/2023,2023-2024,UpToDate_2023_2024,0-4 yrs,Unknown,All Sexes,,0,
09/23/2023,2023-2024,UpToDate_2023_2024,0-4 yrs,Unknown,All Sexes,,9,
09/30/2023,2023-2024,UpToDate_2023_2024,0-4 yrs,Unknown,All Sexes,,33,
10/07/2023,2023-2024,UpToDate_2023_2024,0-4 yrs,Unknown,All Sexes,,58,
10/14/2023,2023-2024,UpToDate_2023_2024,0-4 yrs,Unknown,All Sexes,,136,
10/21/2023,2023-2024,UpToDate_2023_2024,0-4 yrs,Unknown,All Sexes,,209,
10/28/2023,2023-2024,UpToDate_2023_2024,0-4 yrs,Unknown,All Sexes,,220,
11/04/2023,2023-2024,UpToDate_2023_2024,0-4 yrs,Unknown,All Sexes,,225,
09/16/2023,2023-2024,UpToDate_2023_2024,0-4 yrs,"White, non-Latinx",All Sexes,35734,0,0.0
09/23/2023,2023-2024,UpToDate_2023_2024,0-4 yrs,"White, non-Latinx",All Sexes,35734,23,0.0
09/30/2023,2023-2024,UpToDate_2023_2024,0-4 yrs,"White, non-Latinx",All Sexes,35734,82,0.0
10/07/2023,2023-2024,UpToDate_2023_2024,0-4 yrs,"White, non-Latinx",All Sexes,35734,206,0.0
10/14/2023,2023-2024,UpToDate_2023_2024,0-4 yrs,"White, non-Latinx",All Sexes,35734,571,0.0
10/21/2023,2023-2024,UpToDate_2023_2024,0-4 yrs,"White, non-Latinx",All Sexes,35734,1026,0.0
10/28/2023,2023-2024,UpToDate_2023_2024,0-4 yrs,"White, non-Latinx",All Sexes,35734,1226,0.0
11/04/2023,2023-2024,UpToDate_2023_2024,0-4 yrs,"White, non-Latinx",All Sexes,35734,1322,0.0
09/16/2023,2023-2024,UpToDate_2023_2024,05-11 yrs,All Race/Ethnicities,All Sexes,209779,0,0.0
09/23/2023,2023-2024,UpToDate_2023_2024,05-11 yrs,All Race/Ethnicities,All Sexes,209779,46,0.0
09/30/2023,2023-2024,UpToDate_2023_2024,05-11 yrs,All Race/Ethnicities,All Sexes,209779,259,0.0
10/07/2023,2023-2024,UpToDate_2023_2024,05-11 yrs,All Race/Ethnicities,All Sexes,209779,768,0.0
10/14/2023,2023-2024,UpToDate_2023_2024,05-11 yrs,All Race/Ethnicities,All Sexes,209779,1932,0.0
10/21/2023,2023-2024,UpToDate_2023_2024,05-11 yrs,All Race/Ethnicities,All Sexes,209779,3292,0.0
10/28/2023,2023-2024,UpToDate_2023_2024,05-11 yrs,All Race/Ethnicities,All Sexes,209779,4415,0.0
11/04/2023,2023-2024,UpToDate_2023_2024,05-11 yrs,All Race/Ethnicities,All Sexes,209779,4678,0.0
09/16/2023,2023-2024,UpToDate_2023_2024,05-11 yrs,"Asian, non-Latinx",All Sexes,10628,0,0.0
09/23/2023,2023-2024,UpToDate_2023_2024,05-11 yrs,"Asian, non-Latinx",All Sexes,10628,6,0.0
09/30/2023,2023-2024,UpToDate_2023_2024,05-11 yrs,"Asian, non-Latinx",All Sexes,10628,38,0.0
10/07/2023,2023-2024,UpToDate_2023_2024,05-11 yrs,"Asian, non-Latinx",All Sexes,10628,104,0.0
10/14/2023,2023-2024,UpToDate_2023_2024,05-11 yrs,"Asian, non-Latinx",All Sexes,10628,206,0.0
10/21/2023,2023-2024,UpToDate_2023_2024,05-11 yrs,"Asian, non-Latinx",All Sexes,10628,343,0.0
10/28/2023,2023-2024,UpToDate_2023_2024,05-11 yrs,"Asian, non-Latinx",All Sexes,10628,439,0.0
11/04/2023,2023-2024,UpToDate_2023_2024,05-11 yrs,"Asian, non-Latinx",All Sexes,10628,451,0.0
09/16/2023,2023-2024,UpToDate_2023_2024,05-11 yrs,"Black, non-Latinx",All Sexes,66473,0,0.0
09/23/2023,2023-2024,UpToDate_2023_2024,05-11 yrs,"Black, non-Latinx",All Sexes,66473,4,0.0
09/30/2023,2023-2024,UpToDate_2023_2024,05-11 yrs,"Black, non-Latinx",All Sexes,66473,20,0.0
10/07/2023,2023-2024,UpToDate_2023_2024,05-11 yrs,"Black, non-Latinx",All Sexes,66473,66,0.0
10/14/2023,2023-2024,UpToDate_2023_2024,05-11 yrs,"Black, non-Latinx",All Sexes,66473,143,0.0
10/21/2023,2023-2024,UpToDate_2023_2024,05-11 yrs,"Black, non-Latinx",All Sexes,66473,255,0.0
10/28/2023,2023-2024,UpToDate_2023_2024,05-11 yrs,"Black, non-Latinx",All Sexes,66473,321,0.0
11/04/2023,2023-2024,UpToDate_2023_2024,05-11 yrs,"Black, non-Latinx",All Sexes,66473,348,0.0
09/16/2023,2023-2024,UpToDate_2023_2024,05-11 yrs,Latinx,All Sexes,85789,0,0.0
09/23/2023,2023-2024,UpToDate_2023_2024,05-11 yrs,Latinx,All Sexes,85789,4,0.0
09/30/2023,2023-2024,UpToDate_2023_2024,05-11 yrs,Latinx,All Sexes,85789,36,0.0
10/07/2023,2023-2024,UpToDate_2023_2024,05-11 yrs,Latinx,All Sexes,85789,115,0.0
10/14/2023,2023-2024,UpToDate_2023_2024,05-11 yrs,Latinx,All Sexes,85789,369,0.0
10/21/2023,2023-2024,UpToDate_2023_2024,05-11 yrs,Latinx,All Sexes,85789,698,0.0
10/28/2023,2023-2024,UpToDate_2023_2024,05-11 yrs,Latinx,All Sexes,85789,955,0.0
11/04/2023,2023-2024,UpToDate_2023_2024,05-11 yrs,Latinx,All Sexes,85789,1024,0.0
09/16/2023,2023-2024,UpToDate_2023_2024,05-11 yrs,"Other, non-Latinx",All Sexes,9113,0,0.0
09/23/2023,2023-2024,UpToDate_2023_2024,05-11 yrs,"Other, non-Latinx",All Sexes,9113,0,0.0
09/30/2023,2023-2024,UpToDate_2023_2024,05-11 yrs,"Other, non-Latinx",All Sexes,9113,10,0.0
10/07/2023,2023-2024,UpToDate_2023_2024,05-11 yrs,"Other, non-Latinx",All Sexes,9113,24,0.0
10/14/2023,2023-2024,UpToDate_2023_2024,05-11 yrs,"Other, non-Latinx",All Sexes,9113,63,0.0
10/21/2023,2023-2024,UpToDate_2023_2024,05-11 yrs,"Other, non-Latinx",All Sexes,9113,165,0.0
10/28/2023,2023-2024,UpToDate_2023_2024,05-11 yrs,"Other, non-Latinx",All Sexes,9113,263,0.0
11/04/2023,2023-2024,UpToDate_2023_2024,05-11 yrs,"Other, non-Latinx",All Sexes,9113,291,0.0
09/16/2023,2023-2024,UpToDate_2023_2024,05-11 yrs,Unknown,All Sexes,,0,
09/23/2023,2023-2024,UpToDate_2023_2024,05-11 yrs,Unknown,All Sexes,,5,
09/30/2023,2023-2024,UpToDate_2023_2024,05-11 yrs,Unknown,All Sexes,,21,
10/07/2023,2023-2024,UpToDate_2023_2024,05-11 yrs,Unknown,All Sexes,,51,
10/14/2023,2023-2024,UpToDate_2023_2024,05-11 yrs,Unknown,All Sexes,,117,
10/21/2023,2023-2024,UpToDate_2023_2024,05-11 yrs,Unknown,All Sexes,,176,
10/28/2023,2023-2024,UpToDate_2023_2024,05-11 yrs,Unknown,All Sexes,,189,
11/04/2023,2023-2024,UpToDate_2023_2024,05-11 yrs,Unknown,All Sexes,,195,
09/16/2023,2023-2024,UpToDate_2023_2024,05-11 yrs,"White, non-Latinx",All Sexes,37776,0,0.0
09/23/2023,2023-2024,UpToDate_2023_2024,05-11 yrs,"White, non-Latinx",All Sexes,37776,27,0.0
09/30/2023,2023-2024,UpToDate_2023_2024,05-11 yrs,"White, non-Latinx",All Sexes,37776,134,0.0
10/07/2023,2023-2024,UpToDate_2023_2024,05-11 yrs,"White, non-Latinx",All Sexes,37776,408,0.0
10/14/2023,2023-2024,UpToDate_2023_2024,05-11 yrs,"White, non-Latinx",All Sexes,37776,1034,0.0
10/21/2023,2023-2024,UpToDate_2023_2024,05-11 yrs,"White, non-Latinx",All Sexes,37776,1655,0.0
10/28/2023,2023-2024,UpToDate_2023_2024,05-11 yrs,"White, non-Latinx",All Sexes,37776,2248,0.1
11/04/2023,2023-2024,UpToDate_2023_2024,05-11 yrs,"White, non-Latinx",All Sexes,37776,2369,0.1
09/16/2023,2023-2024,UpToDate_2023_2024,12-17 yrs,All Race/Ethnicities,All Sexes,185590,6,0.0
09/23/2023,2023-2024,UpToDate_2023_2024,12-17 yrs,All Race/Ethnicities,All Sexes,185590,97,0.0
09/30/2023,2023-2024,UpToDate_2023_2024,12-17 yrs,All Race/Ethnicities,All Sexes,185590,217,0.0
10/07/2023,2023-2024,UpToDate_2023_2024,12-17 yrs,All Race/Ethnicities,All Sexes,185590,402,0.0
10/14/2023,2023-2024,UpToDate_2023_2024,12-17 yrs,All Race/Ethnicities,All Sexes,185590,691,0.0
10/21/2023,2023-2024,UpToDate_2023_2024,12-17 yrs,All Race/Ethnicities,All Sexes,185590,962,0.0
10/28/2023,2023-2024,UpToDate_2023_2024,12-17 yrs,All Race/Ethnicities,All Sexes,185590,1235,0.0
11/04/2023,2023-2024,UpToDate_2023_2024,12-17 yrs,All Race/Ethnicities,All Sexes,185590,1298,0.0
09/16/2023,2023-2024,UpToDate_2023_2024,12-17 yrs,"Asian, non-Latinx",All Sexes,8058,1,0.0
09/23/2023,2023-2024,UpToDate_2023_2024,12-17 yrs,"Asian, non-Latinx",All Sexes,8058,11,0.0
09/30/2023,2023-2024,UpToDate_2023_2024,12-17 yrs,"Asian, non-Latinx",All Sexes,8058,24,0.0
10/07/2023,2023-2024,UpToDate_2023_2024,12-17 yrs,"Asian, non-Latinx",All Sexes,8058,41,0.0
10/14/2023,2023-2024,UpToDate_2023_2024,12-17 yrs,"Asian, non-Latinx",All Sexes,8058,68,0.0
10/21/2023,2023-2024,UpToDate_2023_2024,12-17 yrs,"Asian, non-Latinx",All Sexes,8058,94,0.0
10/28/2023,2023-2024,UpToDate_2023_2024,12-17 yrs,"Asian, non-Latinx",All Sexes,8058,113,0.0
11/04/2023,2023-2024,UpToDate_2023_2024,12-17 yrs,"Asian, non-Latinx",All Sexes,8058,116,0.0
09/16/2023,2023-2024,UpToDate_2023_2024,12-17 yrs,"Black, non-Latinx",All Sexes,59709,0,0.0
09/23/2023,2023-2024,UpToDate_2023_2024,12-17 yrs,"Black, non-Latinx",All Sexes,59709,10,0.0
09/30/2023,2023-2024,UpToDate_2023_2024,12-17 yrs,"Black, non-Latinx",All Sexes,59709,17,0.0
10/07/2023,2023-2024,UpToDate_2023_2024,12-17 yrs,"Black, non-Latinx",All Sexes,59709,37,0.0
10/14/2023,2023-2024,UpToDate_2023_2024,12-17 yrs,"Black, non-Latinx",All Sexes,59709,75,0.0
10/21/2023,2023-2024,UpToDate_2023_2024,12-17 yrs,"Black, non-Latinx",All Sexes,59709,116,0.0
10/28/2023,2023-2024,UpToDate_2023_2024,12-17 yrs,"Black, non-Latinx",All Sexes,59709,143,0.0
11/04/2023,2023-2024,UpToDate_2023_2024,12-17 yrs,"Black, non-Latinx",All Sexes,59709,148,0.0
09/16/2023,2023-2024,UpToDate_2023_2024,12-17 yrs,Latinx,All Sexes,82791,0,0.0
09/23/2023,2023-2024,UpToDate_2023_2024,12-17 yrs,Latinx,All Sexes,82791,11,0.0
09/30/2023,2023-2024,UpToDate_2023_2024,12-17 yrs,Latinx,All Sexes,82791,30,0.0
10/07/2023,2023-2024,UpToDate_2023_2024,12-17 yrs,Latinx,All Sexes,82791,65,0.0
10/14/2023,2023-2024,UpToDate_2023_2024,12-17 yrs,Latinx,All Sexes,82791,149,0.0
10/21/2023,2023-2024,UpToDate_2023_2024,12-17 yrs,Latinx,All Sexes,82791,229,0.0
10/28/2023,2023-2024,UpToDate_2023_2024,12-17 yrs,Latinx,All Sexes,82791,330,0.0
11/04/2023,2023-2024,UpToDate_2023_2024,12-17 yrs,Latinx,All Sexes,82791,351,0.0
09/16/2023,2023-2024,UpToDate_2023_2024,12-17 yrs,"Other, non-Latinx",All Sexes,6234,0,0.0
09/23/2023,2023-2024,UpToDate_2023_2024,12-17 yrs,"Other, non-Latinx",All Sexes,6234,6,0.0
09/30/2023,2023-2024,UpToDate_2023_2024,12-17 yrs,"Other, non-Latinx",All Sexes,6234,10,0.0
10/07/2023,2023-2024,UpToDate_2023_2024,12-17 yrs,"Other, non-Latinx",All Sexes,6234,11,0.0
10/14/2023,2023-2024,UpToDate_2023_2024,12-17 yrs,"Other, non-Latinx",All Sexes,6234,19,0.0
10/21/2023,2023-2024,UpToDate_2023_2024,12-17 yrs,"Other, non-Latinx",All Sexes,6234,26,0.0
10/28/2023,2023-2024,UpToDate_2023_2024,12-17 yrs,"Other, non-Latinx",All Sexes,6234,46,0.0
11/04/2023,2023-2024,UpToDate_2023_2024,12-17 yrs,"Other, non-Latinx",All Sexes,6234,51,0.0
09/16/2023,2023-2024,UpToDate_2023_2024,12-17 yrs,Unknown,All Sexes,,0,
09/23/2023,2023-2024,UpToDate_2023_2024,12-17 yrs,Unknown,All Sexes,,3,
09/30/2023,2023-2024,UpToDate_2023_2024,12-17 yrs,Unknown,All Sexes,,7,
10/07/2023,2023-2024,UpToDate_2023_2024,12-17 yrs,Unknown,All Sexes,,25,
10/14/2023,2023-2024,UpToDate_2023_2024,12-17 yrs,Unknown,All Sexes,,34,
10/21/2023,2023-2024,UpToDate_2023_2024,12-17 yrs,Unknown,All Sexes,,37,
10/28/2023,2023-2024,UpToDate_2023_2024,12-17 yrs,Unknown,All Sexes,,38,
11/04/2023,2023-2024,UpToDate_2023_2024,12-17 yrs,Unknown,All Sexes,,39,
09/16/2023,2023-2024,UpToDate_2023_2024,12-17 yrs,"White, non-Latinx",All Sexes,28798,5,0.0
09/23/2023,2023-2024,UpToDate_2023_2024,12-17 yrs,"White, non-Latinx",All Sexes,28798,56,0.0
09/30/2023,2023-2024,UpToDate_2023_2024,12-17 yrs,"White, non-Latinx",All Sexes,28798,129,0.0
10/07/2023,2023-2024,UpToDate_2023_2024,12-17 yrs,"White, non-Latinx",All Sexes,28798,223,0.0
10/14/2023,2023-2024,UpToDate_2023_2024,12-17 yrs,"White, non-Latinx",All Sexes,28798,346,0.0
10/21/2023,2023-2024,UpToDate_2023_2024,12-17 yrs,"White, non-Latinx",All Sexes,28798,460,0.0
10/28/2023,2023-2024,UpToDate_2023_2024,12-17 yrs,"White, non-Latinx",All Sexes,28798,565,0.0
11/04/2023,2023-2024,UpToDate_2023_2024,12-17 yrs,"White, non-Latinx",All Sexes,28798,593,0.0
09/16/2023,2023-2024,UpToDate_2023_2024,18+ yrs,All Race/Ethnicities,All Sexes,2201215,640,0.0
09/23/2023,2023-2024,UpToDate_2023_2024,18+ yrs,All Race/Ethnicities,All Sexes,2201215,22276,0.0
09/30/2023,2023-2024,UpToDate_2023_2024,18+ yrs,All Race/Ethnicities,All Sexes,2201215,46765,0.0
10/07/2023,2023-2024,UpToDate_2023_2024,18+ yrs,All Race/Ethnicities,All Sexes,2201215,79867,0.0
10/14/2023,2023-2024,UpToDate_2023_2024,18+ yrs,All Race/Ethnicities,All Sexes,2201215,111728,0.1
10/21/2023,2023-2024,UpToDate_2023_2024,18+ yrs,All Race/Ethnicities,All Sexes,2201215,138769,0.1
10/28/2023,2023-2024,UpToDate_2023_2024,18+ yrs,All Race/Ethnicities,All Sexes,2201215,153854,0.1
11/04/2023,2023-2024,UpToDate_2023_2024,18+ yrs,All Race/Ethnicities,All Sexes,2201215,159516,0.1
09/16/2023,2023-2024,UpToDate_2023_2024,18-29 yrs,All Race/Ethnicities,All Sexes,560271,57,0.0
09/23/2023,2023-2024,UpToDate_2023_2024,18-29 yrs,All Race/Ethnicities,All Sexes,560271,2167,0.0
09/30/2023,2023-2024,UpToDate_2023_2024,18-29 yrs,All Race/Ethnicities,All Sexes,560271,4664,0.0
10/07/2023,2023-2024,UpToDate_2023_2024,18-29 yrs,All Race/Ethnicities,All Sexes,560271,7939,0.0
10/14/2023,2023-2024,UpToDate_2023_2024,18-29 yrs,All Race/Ethnicities,All Sexes,560271,11371,0.0
10/21/2023,2023-2024,UpToDate_2023_2024,18-29 yrs,All Race/Ethnicities,All Sexes,560271,14242,0.0
10/28/2023,2023-2024,UpToDate_2023_2024,18-29 yrs,All Race/Ethnicities,All Sexes,560271,15357,0.0
11/04/2023,2023-2024,UpToDate_2023_2024,18-29 yrs,All Race/Ethnicities,All Sexes,560271,15892,0.0
09/16/2023,2023-2024,UpToDate_2023_2024,18-29 yrs,"Asian, non-Latinx",All Sexes,47111,14,0.0
09/23/2023,2023-2024,UpToDate_2023_2024,18-29 yrs,"Asian, non-Latinx",All Sexes,47111,292,0.0
09/30/2023,2023-2024,UpToDate_2023_2024,18-29 yrs,"Asian, non-Latinx",All Sexes,47111,626,0.0
10/07/2023,2023-2024,UpToDate_2023_2024,18-29 yrs,"Asian, non-Latinx",All Sexes,47111,1000,0.0
10/14/2023,2023-2024,UpToDate_2023_2024,18-29 yrs,"Asian, non-Latinx",All Sexes,47111,1408,0.0
10/21/2023,2023-2024,UpToDate_2023_2024,18-29 yrs,"Asian, non-Latinx",All Sexes,47111,1768,0.0
10/28/2023,2023-2024,UpToDate_2023_2024,18-29 yrs,"Asian, non-Latinx",All Sexes,47111,1902,0.0
11/04/2023,2023-2024,UpToDate_2023_2024,18-29 yrs,"Asian, non-Latinx",All Sexes,47111,1970,0.0
09/16/2023,2023-2024,UpToDate_2023_2024,18-29 yrs,"Black, non-Latinx",All Sexes,132989,4,0.0
09/23/2023,2023-2024,UpToDate_2023_2024,18-29 yrs,"Black, non-Latinx",All Sexes,132989,118,0.0
09/30/2023,2023-2024,UpToDate_2023_2024,18-29 yrs,"Black, non-Latinx",All Sexes,132989,273,0.0
10/07/2023,2023-2024,UpToDate_2023_2024,18-29 yrs,"Black, non-Latinx",All Sexes,132989,492,0.0
10/14/2023,2023-2024,UpToDate_2023_2024,18-29 yrs,"Black, non-Latinx",All Sexes,132989,707,0.0
10/21/2023,2023-2024,UpToDate_2023_2024,18-29 yrs,"Black, non-Latinx",All Sexes,132989,934,0.0
10/28/2023,2023-2024,UpToDate_2023_2024,18-29 yrs,"Black, non-Latinx",All Sexes,132989,1042,0.0
11/04/2023,2023-2024,UpToDate_2023_2024,18-29 yrs,"Black, non-Latinx",All Sexes,132989,1085,0.0
09/16/2023,2023-2024,UpToDate_2023_2024,18-29 yrs,Latinx,All Sexes,165753,12,0.0
09/23/2023,2023-2024,UpToDate_2023_2024,18-29 yrs,Latinx,All Sexes,165753,245,0.0
09/30/2023,2023-2024,UpToDate_2023_2024,18-29 yrs,Latinx,All Sexes,165753,568,0.0
10/07/2023,2023-2024,UpToDate_2023_2024,18-29 yrs,Latinx,All Sexes,165753,1048,0.0
10/14/2023,2023-2024,UpToDate_2023_2024,18-29 yrs,Latinx,All Sexes,165753,1578,0.0
10/21/2023,2023-2024,UpToDate_2023_2024,18-29 yrs,Latinx,All Sexes,165753,2082,0.0
10/28/2023,2023-2024,UpToDate_2023_2024,18-29 yrs,Latinx,All Sexes,165753,2283,0.0
11/04/2023,2023-2024,UpToDate_2023_2024,18-29 yrs,Latinx,All Sexes,165753,2394,0.0
09/16/2023,2023-2024,UpToDate_2023_2024,18-29 yrs,"Other, non-Latinx",All Sexes,18857,1,0.0
09/23/2023,2023-2024,UpToDate_2023_2024,18-29 yrs,"Other, non-Latinx",All Sexes,18857,70,0.0
09/30/2023,2023-2024,UpToDate_2023_2024,18-29 yrs,"Other, non-Latinx",All Sexes,18857,149,0.0
10/07/2023,2023-2024,UpToDate_2023_2024,18-29 yrs,"Other, non-Latinx",All Sexes,18857,243,0.0
10/14/2023,2023-2024,UpToDate_2023_2024,18-29 yrs,"Other, non-Latinx",All Sexes,18857,338,0.0
10/21/2023,2023-2024,UpToDate_2023_2024,18-29 yrs,"Other, non-Latinx",All Sexes,18857,443,0.0
10/28/2023,2023-2024,UpToDate_2023_2024,18-29 yrs,"Other, non-Latinx",All Sexes,18857,529,0.0
11/04/2023,2023-2024,UpToDate_2023_2024,18-29 yrs,"Other, non-Latinx",All Sexes,18857,570,0.0
09/16/2023,2023-2024,UpToDate_2023_2024,18-29 yrs,Unknown,All Sexes,,0,
09/23/2023,2023-2024,UpToDate_2023_2024,18-29 yrs,Unknown,All Sexes,,249,
09/30/2023,2023-2024,UpToDate_2023_2024,18-29 yrs,Unknown,All Sexes,,519,
10/07/2023,2023-2024,UpToDate_2023_2024,18-29 yrs,Unknown,All Sexes,,912,
10/14/2023,2023-2024,UpToDate_2023_2024,18-29 yrs,Unknown,All Sexes,,1319,
10/21/2023,2023-2024,UpToDate_2023_2024,18-29 yrs,Unknown,All Sexes,,1563,
10/28/2023,2023-2024,UpToDate_2023_2024,18-29 yrs,Unknown,All Sexes,,1587,
11/04/2023,2023-2024,UpToDate_2023_2024,18-29 yrs,Unknown,All Sexes,,1605,
09/16/2023,2023-2024,UpToDate_2023_2024,18-29 yrs,"White, non-Latinx",All Sexes,195561,26,0.0
09/23/2023,2023-2024,UpToDate_2023_2024,18-29 yrs,"White, non-Latinx",All Sexes,195561,1193,0.0
09/30/2023,2023-2024,UpToDate_2023_2024,18-29 yrs,"White, non-Latinx",All Sexes,195561,2529,0.0
10/07/2023,2023-2024,UpToDate_2023_2024,18-29 yrs,"White, non-Latinx",All Sexes,195561,4244,0.0
10/14/2023,2023-2024,UpToDate_2023_2024,18-29 yrs,"White, non-Latinx",All Sexes,195561,6021,0.0
10/21/2023,2023-2024,UpToDate_2023_2024,18-29 yrs,"White, non-Latinx",All Sexes,195561,7452,0.0
10/28/2023,2023-2024,UpToDate_2023_2024,18-29 yrs,"White, non-Latinx",All Sexes,195561,8014,0.0
11/04/2023,2023-2024,UpToDate_2023_2024,18-29 yrs,"White, non-Latinx",All Sexes,195561,8268,0.0
09/16/2023,2023-2024,UpToDate_2023_2024,18-64 yrs,All Race/Ethnicities,All Sexes,1850665,449,0.0
09/23/2023,2023-2024,UpToDate_2023_2024,18-64 yrs,All Race/Ethnicities,All Sexes,1850665,15756,0.0
09/30/2023,2023-2024,UpToDate_2023_2024,18-64 yrs,All Race/Ethnicities,All Sexes,1850665,32240,0.0
10/07/2023,2023-2024,UpToDate_2023_2024,18-64 yrs,All Race/Ethnicities,All Sexes,1850665,54374,0.0
10/14/2023,2023-2024,UpToDate_2023_2024,18-64 yrs,All Race/Ethnicities,All Sexes,1850665,76443,0.0
10/21/2023,2023-2024,UpToDate_2023_2024,18-64 yrs,All Race/Ethnicities,All Sexes,1850665,94887,0.1
10/28/2023,2023-2024,UpToDate_2023_2024,18-64 yrs,All Race/Ethnicities,All Sexes,1850665,104583,0.1
11/04/2023,2023-2024,UpToDate_2023_2024,18-64 yrs,All Race/Ethnicities,All Sexes,1850665,108391,0.1
09/16/2023,2023-2024,UpToDate_2023_2024,30-49 yrs,All Race/Ethnicities,All Sexes,827253,223,0.0
09/23/2023,2023-2024,UpToDate_2023_2024,30-49 yrs,All Race/Ethnicities,All Sexes,827253,8317,0.0
09/30/2023,2023-2024,UpToDate_2023_2024,30-49 yrs,All Race/Ethnicities,All Sexes,827253,16666,0.0
10/07/2023,2023-2024,UpToDate_2023_2024,30-49 yrs,All Race/Ethnicities,All Sexes,827253,27765,0.0
10/14/2023,2023-2024,UpToDate_2023_2024,30-49 yrs,All Race/Ethnicities,All Sexes,827253,38697,0.0
10/21/2023,2023-2024,UpToDate_2023_2024,30-49 yrs,All Race/Ethnicities,All Sexes,827253,47763,0.1
10/28/2023,2023-2024,UpToDate_2023_2024,30-49 yrs,All Race/Ethnicities,All Sexes,827253,52357,0.1
11/04/2023,2023-2024,UpToDate_2023_2024,30-49 yrs,All Race/Ethnicities,All Sexes,827253,54196,0.1
09/16/2023,2023-2024,UpToDate_2023_2024,30-49 yrs,"Asian, non-Latinx",All Sexes,64806,29,0.0
09/23/2023,2023-2024,UpToDate_2023_2024,30-49 yrs,"Asian, non-Latinx",All Sexes,64806,764,0.0
09/30/2023,2023-2024,UpToDate_2023_2024,30-49 yrs,"Asian, non-Latinx",All Sexes,64806,1563,0.0
10/07/2023,2023-2024,UpToDate_2023_2024,30-49 yrs,"Asian, non-Latinx",All Sexes,64806,2729,0.0
10/14/2023,2023-2024,UpToDate_2023_2024,30-49 yrs,"Asian, non-Latinx",All Sexes,64806,3850,0.1
10/21/2023,2023-2024,UpToDate_2023_2024,30-49 yrs,"Asian, non-Latinx",All Sexes,64806,4783,0.1
10/28/2023,2023-2024,UpToDate_2023_2024,30-49 yrs,"Asian, non-Latinx",All Sexes,64806,5227,0.1
11/04/2023,2023-2024,UpToDate_2023_2024,30-49 yrs,"Asian, non-Latinx",All Sexes,64806,5368,0.1
09/16/2023,2023-2024,UpToDate_2023_2024,30-49 yrs,"Black, non-Latinx",All Sexes,201100,14,0.0
09/23/2023,2023-2024,UpToDate_2023_2024,30-49 yrs,"Black, non-Latinx",All Sexes,201100,404,0.0
09/30/2023,2023-2024,UpToDate_2023_2024,30-49 yrs,"Black, non-Latinx",All Sexes,201100,879,0.0
10/07/2023,2023-2024,UpToDate_2023_2024,30-49 yrs,"Black, non-Latinx",All Sexes,201100,1639,0.0
10/14/2023,2023-2024,UpToDate_2023_2024,30-49 yrs,"Black, non-Latinx",All Sexes,201100,2427,0.0
10/21/2023,2023-2024,UpToDate_2023_2024,30-49 yrs,"Black, non-Latinx",All Sexes,201100,3160,0.0
10/28/2023,2023-2024,UpToDate_2023_2024,30-49 yrs,"Black, non-Latinx",All Sexes,201100,3516,0.0
11/04/2023,2023-2024,UpToDate_2023_2024,30-49 yrs,"Black, non-Latinx",All Sexes,201100,3669,0.0
09/16/2023,2023-2024,UpToDate_2023_2024,30-49 yrs,Latinx,All Sexes,241705,21,0.0
09/23/2023,2023-2024,UpToDate_2023_2024,30-49 yrs,Latinx,All Sexes,241705,749,0.0
09/30/2023,2023-2024,UpToDate_2023_2024,30-49 yrs,Latinx,All Sexes,241705,1591,0.0
10/07/2023,2023-2024,UpToDate_2023_2024,30-49 yrs,Latinx,All Sexes,241705,2784,0.0
10/14/2023,2023-2024,UpToDate_2023_2024,30-49 yrs,Latinx,All Sexes,241705,4109,0.0
10/21/2023,2023-2024,UpToDate_2023_2024,30-49 yrs,Latinx,All Sexes,241705,5357,0.0
10/28/2023,2023-2024,UpToDate_2023_2024,30-49 yrs,Latinx,All Sexes,241705,5934,0.0
11/04/2023,2023-2024,UpToDate_2023_2024,30-49 yrs,Latinx,All Sexes,241705,6216,0.0
09/16/2023,2023-2024,UpToDate_2023_2024,30-49 yrs,"Other, non-Latinx",All Sexes,25569,7,0.0
09/23/2023,2023-2024,UpToDate_2023_2024,30-49 yrs,"Other, non-Latinx",All Sexes,25569,212,0.0
09/30/2023,2023-2024,UpToDate_2023_2024,30-49 yrs,"Other, non-Latinx",All Sexes,25569,412,0.0
10/07/2023,2023-2024,UpToDate_2023_2024,30-49 yrs,"Other, non-Latinx",All Sexes,25569,709,0.0
10/14/2023,2023-2024,UpToDate_2023_2024,30-49 yrs,"Other, non-Latinx",All Sexes,25569,938,0.0
10/21/2023,2023-2024,UpToDate_2023_2024,30-49 yrs,"Other, non-Latinx",All Sexes,25569,1309,0.1
10/28/2023,2023-2024,UpToDate_2023_2024,30-49 yrs,"Other, non-Latinx",All Sexes,25569,1661,0.1
11/04/2023,2023-2024,UpToDate_2023_2024,30-49 yrs,"Other, non-Latinx",All Sexes,25569,1795,0.1
09/16/2023,2023-2024,UpToDate_2023_2024,30-49 yrs,Unknown,All Sexes,,1,
09/23/2023,2023-2024,UpToDate_2023_2024,30-49 yrs,Unknown,All Sexes,,525,
09/30/2023,2023-2024,UpToDate_2023_2024,30-49 yrs,Unknown,All Sexes,,1048,
10/07/2023,2023-2024,UpToDate_2023_2024,30-49 yrs,Unknown,All Sexes,,1834,
10/14/2023,2023-2024,UpToDate_2023_2024,30-49 yrs,Unknown,All Sexes,,2599,
10/21/2023,2023-2024,UpToDate_2023_2024,30-49 yrs,Unknown,All Sexes,,2947,
10/28/2023,2023-2024,UpToDate_2023_2024,30-49 yrs,Unknown,All Sexes,,3001,
11/04/2023,2023-2024,UpToDate_2023_2024,30-49 yrs,Unknown,All Sexes,,3049,
09/16/2023,2023-2024,UpToDate_2023_2024,30-49 yrs,"White, non-Latinx",All Sexes,294073,151,0.0
09/23/2023,2023-2024,UpToDate_2023_2024,30-49 yrs,"White, non-Latinx",All Sexes,294073,5663,0.0
09/30/2023,2023-2024,UpToDate_2023_2024,30-49 yrs,"White, non-Latinx",All Sexes,294073,11173,0.0
10/07/2023,2023-2024,UpToDate_2023_2024,30-49 yrs,"White, non-Latinx",All Sexes,294073,18070,0.1
10/14/2023,2023-2024,UpToDate_2023_2024,30-49 yrs,"White, non-Latinx",All Sexes,294073,24774,0.1
10/21/2023,2023-2024,UpToDate_2023_2024,30-49 yrs,"White, non-Latinx",All Sexes,294073,30207,0.1
10/28/2023,2023-2024,UpToDate_2023_2024,30-49 yrs,"White, non-Latinx",All Sexes,294073,33018,0.1
11/04/2023,2023-2024,UpToDate_2023_2024,30-49 yrs,"White, non-Latinx",All Sexes,294073,34099,0.1
09/16/2023,2023-2024,UpToDate_2023_2024,50-64 yrs,All Race/Ethnicities,All Sexes,463141,169,0.0
09/23/2023,2023-2024,UpToDate_2023_2024,50-64 yrs,All Race/Ethnicities,All Sexes,463141,5272,0.0
09/30/2023,2023-2024,UpToDate_2023_2024,50-64 yrs,All Race/Ethnicities,All Sexes,463141,10910,0.0
10/07/2023,2023-2024,UpToDate_2023_2024,50-64 yrs,All Race/Ethnicities,All Sexes,463141,18670,0.0
10/14/2023,2023-2024,UpToDate_2023_2024,50-64 yrs,All Race/Ethnicities,All Sexes,463141,26375,0.1
10/21/2023,2023-2024,UpToDate_2023_2024,50-64 yrs,All Race/Ethnicities,All Sexes,463141,32882,0.1
10/28/2023,2023-2024,UpToDate_2023_2024,50-64 yrs,All Race/Ethnicities,All Sexes,463141,36869,0.1
11/04/2023,2023-2024,UpToDate_2023_2024,50-64 yrs,All Race/Ethnicities,All Sexes,463141,38303,0.1
09/16/2023,2023-2024,UpToDate_2023_2024,50-64 yrs,"Asian, non-Latinx",All Sexes,27165,20,0.0
09/23/2023,2023-2024,UpToDate_2023_2024,50-64 yrs,"Asian, non-Latinx",All Sexes,27165,340,0.0
09/30/2023,2023-2024,UpToDate_2023_2024,50-64 yrs,"Asian, non-Latinx",All Sexes,27165,711,0.0
10/07/2023,2023-2024,UpToDate_2023_2024,50-64 yrs,"Asian, non-Latinx",All Sexes,27165,1225,0.0
10/14/2023,2023-2024,UpToDate_2023_2024,50-64 yrs,"Asian, non-Latinx",All Sexes,27165,1691,0.1
10/21/2023,2023-2024,UpToDate_2023_2024,50-64 yrs,"Asian, non-Latinx",All Sexes,27165,2123,0.1
10/28/2023,2023-2024,UpToDate_2023_2024,50-64 yrs,"Asian, non-Latinx",All Sexes,27165,2359,0.1
11/04/2023,2023-2024,UpToDate_2023_2024,50-64 yrs,"Asian, non-Latinx",All Sexes,27165,2433,0.1
09/16/2023,2023-2024,UpToDate_2023_2024,50-64 yrs,"Black, non-Latinx",All Sexes,158402,18,0.0
09/23/2023,2023-2024,UpToDate_2023_2024,50-64 yrs,"Black, non-Latinx",All Sexes,158402,672,0.0
09/30/2023,2023-2024,UpToDate_2023_2024,50-64 yrs,"Black, non-Latinx",All Sexes,158402,1437,0.0
10/07/2023,2023-2024,UpToDate_2023_2024,50-64 yrs,"Black, non-Latinx",All Sexes,158402,2949,0.0
10/14/2023,2023-2024,UpToDate_2023_2024,50-64 yrs,"Black, non-Latinx",All Sexes,158402,4558,0.0
10/21/2023,2023-2024,UpToDate_2023_2024,50-64 yrs,"Black, non-Latinx",All Sexes,158402,5938,0.0
10/28/2023,2023-2024,UpToDate_2023_2024,50-64 yrs,"Black, non-Latinx",All Sexes,158402,6736,0.0
11/04/2023,2023-2024,UpToDate_2023_2024,50-64 yrs,"Black, non-Latinx",All Sexes,158402,7088,0.0
09/16/2023,2023-2024,UpToDate_2023_2024,50-64 yrs,Latinx,All Sexes,122098,21,0.0
09/23/2023,2023-2024,UpToDate_2023_2024,50-64 yrs,Latinx,All Sexes,122098,647,0.0
09/30/2023,2023-2024,UpToDate_2023_2024,50-64 yrs,Latinx,All Sexes,122098,1371,0.0
10/07/2023,2023-2024,UpToDate_2023_2024,50-64 yrs,Latinx,All Sexes,122098,2478,0.0
10/14/2023,2023-2024,UpToDate_2023_2024,50-64 yrs,Latinx,All Sexes,122098,3775,0.0
10/21/2023,2023-2024,UpToDate_2023_2024,50-64 yrs,Latinx,All Sexes,122098,4988,0.0
10/28/2023,2023-2024,UpToDate_2023_2024,50-64 yrs,Latinx,All Sexes,122098,5759,0.0
11/04/2023,2023-2024,UpToDate_2023_2024,50-64 yrs,Latinx,All Sexes,122098,6034,0.0
09/16/2023,2023-2024,UpToDate_2023_2024,50-64 yrs,"Other, non-Latinx",All Sexes,10636,6,0.0
09/23/2023,2023-2024,UpToDate_2023_2024,50-64 yrs,"Other, non-Latinx",All Sexes,10636,84,0.0
09/30/2023,2023-2024,UpToDate_2023_2024,50-64 yrs,"Other, non-Latinx",All Sexes,10636,197,0.0
10/07/2023,2023-2024,UpToDate_2023_2024,50-64 yrs,"Other, non-Latinx",All Sexes,10636,348,0.0
10/14/2023,2023-2024,UpToDate_2023_2024,50-64 yrs,"Other, non-Latinx",All Sexes,10636,497,0.0
10/21/2023,2023-2024,UpToDate_2023_2024,50-64 yrs,"Other, non-Latinx",All Sexes,10636,763,0.1
10/28/2023,2023-2024,UpToDate_2023_2024,50-64 yrs,"Other, non-Latinx",All Sexes,10636,1071,0.1
11/04/2023,2023-2024,UpToDate_2023_2024,50-64 yrs,"Other, non-Latinx",All Sexes,10636,1174,0.1
09/16/2023,2023-2024,UpToDate_2023_2024,50-64 yrs,Unknown,All Sexes,,4,
09/23/2023,2023-2024,UpToDate_2023_2024,50-64 yrs,Unknown,All Sexes,,212,
09/30/2023,2023-2024,UpToDate_2023_2024,50-64 yrs,Unknown,All Sexes,,455,
10/07/2023,2023-2024,UpToDate_2023_2024,50-64 yrs,Unknown,All Sexes,,792,
10/14/2023,2023-2024,UpToDate_2023_2024,50-64 yrs,Unknown,All Sexes,,1144,
10/21/2023,2023-2024,UpToDate_2023_2024,50-64 yrs,Unknown,All Sexes,,1291,
10/28/2023,2023-2024,UpToDate_2023_2024,50-64 yrs,Unknown,All Sexes,,1308,
11/04/2023,2023-2024,UpToDate_2023_2024,50-64 yrs,Unknown,All Sexes,,1323,
09/16/2023,2023-2024,UpToDate_2023_2024,50-64 yrs,"White, non-Latinx",All Sexes,144840,100,0.0
09/23/2023,2023-2024,UpToDate_2023_2024,50-64 yrs,"White, non-Latinx",All Sexes,144840,3317,0.0
09/30/2023,2023-2024,UpToDate_2023_2024,50-64 yrs,"White, non-Latinx",All Sexes,144840,6739,0.0
10/07/2023,2023-2024,UpToDate_2023_2024,50-64 yrs,"White, non-Latinx",All Sexes,144840,10878,0.1
10/14/2023,2023-2024,UpToDate_2023_2024,50-64 yrs,"White, non-Latinx",All Sexes,144840,14710,0.1
10/21/2023,2023-2024,UpToDate_2023_2024,50-64 yrs,"White, non-Latinx",All Sexes,144840,17779,0.1
10/28/2023,2023-2024,UpToDate_2023_2024,50-64 yrs,"White, non-Latinx",All Sexes,144840,19636,0.1
11/04/2023,2023-2024,UpToDate_2023_2024,50-64 yrs,"White, non-Latinx",All Sexes,144840,20251,0.1
09/16/2023,2023-2024,UpToDate_2023_2024,65+ yrs,All Race/Ethnicities,All Sexes,350550,191,0.0
09/23/2023,2023-2024,UpToDate_2023_2024,65+ yrs,All Race/Ethnicities,All Sexes,350550,6520,0.0
09/30/2023,2023-2024,UpToDate_2023_2024,65+ yrs,All Race/Ethnicities,All Sexes,350550,14525,0.0
10/07/2023,2023-2024,UpToDate_2023_2024,65+ yrs,All Race/Ethnicities,All Sexes,350550,25493,0.1
10/14/2023,2023-2024,UpToDate_2023_2024,65+ yrs,All Race/Ethnicities,All Sexes,350550,35285,0.1
10/21/2023,2023-2024,UpToDate_2023_2024,65+ yrs,All Race/Ethnicities,All Sexes,350550,43882,0.1
10/28/2023,2023-2024,UpToDate_2023_2024,65+ yrs,All Race/Ethnicities,All Sexes,350550,49271,0.1
11/04/2023,2023-2024,UpToDate_2023_2024,65+ yrs,All Race/Ethnicities,All Sexes,350550,51125,0.1
09/16/2023,2023-2024,UpToDate_2023_2024,65+ yrs,"Asian, non-Latinx",All Sexes,23186,8,0.0
09/23/2023,2023-2024,UpToDate_2023_2024,65+ yrs,"Asian, non-Latinx",All Sexes,23186,385,0.0
09/30/2023,2023-2024,UpToDate_2023_2024,65+ yrs,"Asian, non-Latinx",All Sexes,23186,813,0.0
10/07/2023,2023-2024,UpToDate_2023_2024,65+ yrs,"Asian, non-Latinx",All Sexes,23186,1432,0.1
10/14/2023,2023-2024,UpToDate_2023_2024,65+ yrs,"Asian, non-Latinx",All Sexes,23186,2018,0.1
10/21/2023,2023-2024,UpToDate_2023_2024,65+ yrs,"Asian, non-Latinx",All Sexes,23186,2578,0.1
10/28/2023,2023-2024,UpToDate_2023_2024,65+ yrs,"Asian, non-Latinx",All Sexes,23186,2866,0.1
11/04/2023,2023-2024,UpToDate_2023_2024,65+ yrs,"Asian, non-Latinx",All Sexes,23186,2954,0.1
09/16/2023,2023-2024,UpToDate_2023_2024,65+ yrs,"Black, non-Latinx",All Sexes,125348,33,0.0
09/23/2023,2023-2024,UpToDate_2023_2024,65+ yrs,"Black, non-Latinx",All Sexes,125348,1232,0.0
09/30/2023,2023-2024,UpToDate_2023_2024,65+ yrs,"Black, non-Latinx",All Sexes,125348,2832,0.0
10/07/2023,2023-2024,UpToDate_2023_2024,65+ yrs,"Black, non-Latinx",All Sexes,125348,5469,0.0
10/14/2023,2023-2024,UpToDate_2023_2024,65+ yrs,"Black, non-Latinx",All Sexes,125348,8265,0.1
10/21/2023,2023-2024,UpToDate_2023_2024,65+ yrs,"Black, non-Latinx",All Sexes,125348,10791,0.1
10/28/2023,2023-2024,UpToDate_2023_2024,65+ yrs,"Black, non-Latinx",All Sexes,125348,12339,0.1
11/04/2023,2023-2024,UpToDate_2023_2024,65+ yrs,"Black, non-Latinx",All Sexes,125348,12962,0.1
09/16/2023,2023-2024,UpToDate_2023_2024,65+ yrs,Latinx,All Sexes,68645,30,0.0
09/23/2023,2023-2024,UpToDate_2023_2024,65+ yrs,Latinx,All Sexes,68645,770,0.0
09/30/2023,2023-2024,UpToDate_2023_2024,65+ yrs,Latinx,All Sexes,68645,1804,0.0
10/07/2023,2023-2024,UpToDate_2023_2024,65+ yrs,Latinx,All Sexes,68645,3194,0.0
10/14/2023,2023-2024,UpToDate_2023_2024,65+ yrs,Latinx,All Sexes,68645,4484,0.1
10/21/2023,2023-2024,UpToDate_2023_2024,65+ yrs,Latinx,All Sexes,68645,5681,0.1
10/28/2023,2023-2024,UpToDate_2023_2024,65+ yrs,Latinx,All Sexes,68645,6404,0.1
11/04/2023,2023-2024,UpToDate_2023_2024,65+ yrs,Latinx,All Sexes,68645,6669,0.1
09/16/2023,2023-2024,UpToDate_2023_2024,65+ yrs,"Other, non-Latinx",All Sexes,6531,7,0.0
09/23/2023,2023-2024,UpToDate_2023_2024,65+ yrs,"Other, non-Latinx",All Sexes,6531,120,0.0
09/30/2023,2023-2024,UpToDate_2023_2024,65+ yrs,"Other, non-Latinx",All Sexes,6531,273,0.0
10/07/2023,2023-2024,UpToDate_2023_2024,65+ yrs,"Other, non-Latinx",All Sexes,6531,506,0.1
10/14/2023,2023-2024,UpToDate_2023_2024,65+ yrs,"Other, non-Latinx",All Sexes,6531,698,0.1
10/21/2023,2023-2024,UpToDate_2023_2024,65+ yrs,"Other, non-Latinx",All Sexes,6531,1061,0.2
10/28/2023,2023-2024,UpToDate_2023_2024,65+ yrs,"Other, non-Latinx",All Sexes,6531,1563,0.2
11/04/2023,2023-2024,UpToDate_2023_2024,65+ yrs,"Other, non-Latinx",All Sexes,6531,1701,0.3
09/16/2023,2023-2024,UpToDate_2023_2024,65+ yrs,Unknown,All Sexes,,3,
09/23/2023,2023-2024,UpToDate_2023_2024,65+ yrs,Unknown,All Sexes,,155,
09/30/2023,2023-2024,UpToDate_2023_2024,65+ yrs,Unknown,All Sexes,,394,
10/07/2023,2023-2024,UpToDate_2023_2024,65+ yrs,Unknown,All Sexes,,724,
10/14/2023,2023-2024,UpToDate_2023_2024,65+ yrs,Unknown,All Sexes,,1010,
10/21/2023,2023-2024,UpToDate_2023_2024,65+ yrs,Unknown,All Sexes,,1158,
10/28/2023,2023-2024,UpToDate_2023_2024,65+ yrs,Unknown,All Sexes,,1169,
11/04/2023,2023-2024,UpToDate_2023_2024,65+ yrs,Unknown,All Sexes,,1178,
09/16/2023,2023-2024,UpToDate_2023_2024,65+ yrs,"White, non-Latinx",All Sexes,126840,110,0.0
09/23/2023,2023-2024,UpToDate_2023_2024,65+ yrs,"White, non-Latinx",All Sexes,126840,3858,0.0
09/30/2023,2023-2024,UpToDate_2023_2024,65+ yrs,"White, non-Latinx",All Sexes,126840,8409,0.1
10/07/2023,2023-2024,UpToDate_2023_2024,65+ yrs,"White, non-Latinx",All Sexes,126840,14168,0.1
10/14/2023,2023-2024,UpToDate_2023_2024,65+ yrs,"White, non-Latinx",All Sexes,126840,18810,0.1
10/21/2023,2023-2024,UpToDate_2023_2024,65+ yrs,"White, non-Latinx",All Sexes,126840,22613,0.2
10/28/2023,2023-2024,UpToDate_2023_2024,65+ yrs,"White, non-Latinx",All Sexes,126840,24930,0.2
11/04/2023,2023-2024,UpToDate_2023_2024,65+ yrs,"White, non-Latinx",All Sexes,126840,25661,0.2
09/16/2023,2023-2024,UpToDate_2023_2024,65-74 yrs,All Race/Ethnicities,All Sexes,210964,117,0.0
09/23/2023,2023-2024,UpToDate_2023_2024,65-74 yrs,All Race/Ethnicities,All Sexes,210964,3948,0.0
09/30/2023,2023-2024,UpToDate_2023_2024,65-74 yrs,All Race/Ethnicities,All Sexes,210964,8564,0.0
10/07/2023,2023-2024,UpToDate_2023_2024,65-74 yrs,All Race/Ethnicities,All Sexes,210964,14939,0.1
10/14/2023,2023-2024,UpToDate_2023_2024,65-74 yrs,All Race/Ethnicities,All Sexes,210964,20667,0.1
10/21/2023,2023-2024,UpToDate_2023_2024,65-74 yrs,All Race/Ethnicities,All Sexes,210964,25531,0.1
10/28/2023,2023-2024,UpToDate_2023_2024,65-74 yrs,All Race/Ethnicities,All Sexes,210964,28466,0.1
11/04/2023,2023-2024,UpToDate_2023_2024,65-74 yrs,All Race/Ethnicities,All Sexes,210964,29552,0.1
09/16/2023,2023-2024,UpToDate_2023_2024,75+ yrs,All Race/Ethnicities,All Sexes,139586,74,0.0
09/23/2023,2023-2024,UpToDate_2023_2024,75+ yrs,All Race/Ethnicities,All Sexes,139586,2572,0.0
09/30/2023,2023-2024,UpToDate_2023_2024,75+ yrs,All Race/Ethnicities,All Sexes,139586,5961,0.0
10/07/2023,2023-2024,UpToDate_2023_2024,75+ yrs,All Race/Ethnicities,All Sexes,139586,10554,0.1
10/14/2023,2023-2024,UpToDate_2023_2024,75+ yrs,All Race/Ethnicities,All Sexes,139586,14618,0.1
10/21/2023,2023-2024,UpToDate_2023_2024,75+ yrs,All Race/Ethnicities,All Sexes,139586,18351,0.1
10/28/2023,2023-2024,UpToDate_2023_2024,75+ yrs,All Race/Ethnicities,All Sexes,139586,20805,0.1
11/04/2023,2023-2024,UpToDate_2023_2024,75+ yrs,All Race/Ethnicities,All Sexes,139586,21573,0.2
09/16/2023,2023-2024,UpToDate_2023_2024,All Ages,All Race/Ethnicities,All Sexes,2746388,646,0.0
09/23/2023,2023-2024,UpToDate_2023_2024,All Ages,All Race/Ethnicities,All Sexes,2746388,22463,0.0
09/30/2023,2023-2024,UpToDate_2023_2024,All Ages,All Race/Ethnicities,All Sexes,2746388,47398,0.0
10/07/2023,2023-2024,UpToDate_2023_2024,All Ages,All Race/Ethnicities,All Sexes,2746388,81403,0.0
10/14/2023,2023-2024,UpToDate_2023_2024,All Ages,All Race/Ethnicities,All Sexes,2746388,115386,0.0
10/21/2023,2023-2024,UpToDate_2023_2024,All Ages,All Race/Ethnicities,All Sexes,2746388,144842,0.1
10/28/2023,2023-2024,UpToDate_2023_2024,All Ages,All Race/Ethnicities,All Sexes,2746388,161674,0.1
11/04/2023,2023-2024,UpToDate_2023_2024,All Ages,All Race/Ethnicities,All Sexes,2746388,167847,0.1
09/16/2023,2023-2024,UpToDate_2023_2024,All Ages,All Race/Ethnicities,Female,1413663,334,0.0
09/23/2023,2023-2024,UpToDate_2023_2024,All Ages,All Race/Ethnicities,Female,1413663,12079,0.0
09/30/2023,2023-2024,UpToDate_2023_2024,All Ages,All Race/Ethnicities,Female,1413663,25656,0.0
10/07/2023,2023-2024,UpToDate_2023_2024,All Ages,All Race/Ethnicities,Female,1413663,44226,0.0
10/14/2023,2023-2024,UpToDate_2023_2024,All Ages,All Race/Ethnicities,Female,1413663,62678,0.0
10/21/2023,2023-2024,UpToDate_2023_2024,All Ages,All Race/Ethnicities,Female,1413663,78711,0.1
10/28/2023,2023-2024,UpToDate_2023_2024,All Ages,All Race/Ethnicities,Female,1413663,88016,0.1
11/04/2023,2023-2024,UpToDate_2023_2024,All Ages,All Race/Ethnicities,Female,1413663,91287,0.1
09/16/2023,2023-2024,UpToDate_2023_2024,All Ages,All Race/Ethnicities,Male,1332725,311,0.0
09/23/2023,2023-2024,UpToDate_2023_2024,All Ages,All Race/Ethnicities,Male,1332725,10380,0.0
09/30/2023,2023-2024,UpToDate_2023_2024,All Ages,All Race/Ethnicities,Male,1332725,21729,0.0
10/07/2023,2023-2024,UpToDate_2023_2024,All Ages,All Race/Ethnicities,Male,1332725,37135,0.0
10/14/2023,2023-2024,UpToDate_2023_2024,All Ages,All Race/Ethnicities,Male,1332725,52420,0.0
10/21/2023,2023-2024,UpToDate_2023_2024,All Ages,All Race/Ethnicities,Male,1332725,65672,0.0
10/28/2023,2023-2024,UpToDate_2023_2024,All Ages,All Race/Ethnicities,Male,1332725,73130,0.1
11/04/2023,2023-2024,UpToDate_2023_2024,All Ages,All Race/Ethnicities,Male,1332725,75998,0.1
09/16/2023,2023-2024,UpToDate_2023_2024,All Ages,All Race/Ethnicities,Unknown,,1,
09/23/2023,2023-2024,UpToDate_2023_2024,All Ages,All Race/Ethnicities,Unknown,,4,
09/30/2023,2023-2024,UpToDate_2023_2024,All Ages,All Race/Ethnicities,Unknown,,13,
10/07/2023,2023-2024,UpToDate_2023_2024,All Ages,All Race/Ethnicities,Unknown,,42,
10/14/2023,2023-2024,UpToDate_2023_2024,All Ages,All Race/Ethnicities,Unknown,,288,
10/21/2023,2023-2024,UpToDate_2023_2024,All Ages,All Race/Ethnicities,Unknown,,459,
10/28/2023,2023-2024,UpToDate_2023_2024,All Ages,All Race/Ethnicities,Unknown,,528,
11/04/2023,2023-2024,UpToDate_2023_2024,All Ages,All Race/Ethnicities,Unknown,,562,
09/16/2023,2023-2024,UpToDate_2023_2024,All Ages,"Asian, non-Latinx",All Sexes,189857,72,0.0
09/23/2023,2023-2024,UpToDate_2023_2024,All Ages,"Asian, non-Latinx",All Sexes,189857,1806,0.0
09/30/2023,2023-2024,UpToDate_2023_2024,All Ages,"Asian, non-Latinx",All Sexes,189857,3795,0.0
10/07/2023,2023-2024,UpToDate_2023_2024,All Ages,"Asian, non-Latinx",All Sexes,189857,6569,0.0
10/14/2023,2023-2024,UpToDate_2023_2024,All Ages,"Asian, non-Latinx",All Sexes,189857,9353,0.0
10/21/2023,2023-2024,UpToDate_2023_2024,All Ages,"Asian, non-Latinx",All Sexes,189857,11877,0.1
10/28/2023,2023-2024,UpToDate_2023_2024,All Ages,"Asian, non-Latinx",All Sexes,189857,13138,0.1
11/04/2023,2023-2024,UpToDate_2023_2024,All Ages,"Asian, non-Latinx",All Sexes,189857,13538,0.1
09/16/2023,2023-2024,UpToDate_2023_2024,All Ages,"Asian, non-Latinx",Female,98435,36,0.0
09/23/2023,2023-2024,UpToDate_2023_2024,All Ages,"Asian, non-Latinx",Female,98435,1033,0.0
09/30/2023,2023-2024,UpToDate_2023_2024,All Ages,"Asian, non-Latinx",Female,98435,2146,0.0
10/07/2023,2023-2024,UpToDate_2023_2024,All Ages,"Asian, non-Latinx",Female,98435,3723,0.0
10/14/2023,2023-2024,UpToDate_2023_2024,All Ages,"Asian, non-Latinx",Female,98435,5298,0.1
10/21/2023,2023-2024,UpToDate_2023_2024,All Ages,"Asian, non-Latinx",Female,98435,6726,0.1
10/28/2023,2023-2024,UpToDate_2023_2024,All Ages,"Asian, non-Latinx",Female,98435,7420,0.1
11/04/2023,2023-2024,UpToDate_2023_2024,All Ages,"Asian, non-Latinx",Female,98435,7640,0.1
09/16/2023,2023-2024,UpToDate_2023_2024,All Ages,"Asian, non-Latinx",Male,91422,36,0.0
09/23/2023,2023-2024,UpToDate_2023_2024,All Ages,"Asian, non-Latinx",Male,91422,772,0.0
09/30/2023,2023-2024,UpToDate_2023_2024,All Ages,"Asian, non-Latinx",Male,91422,1647,0.0
10/07/2023,2023-2024,UpToDate_2023_2024,All Ages,"Asian, non-Latinx",Male,91422,2841,0.0
10/14/2023,2023-2024,UpToDate_2023_2024,All Ages,"Asian, non-Latinx",Male,91422,4011,0.0
10/21/2023,2023-2024,UpToDate_2023_2024,All Ages,"Asian, non-Latinx",Male,91422,5076,0.1
10/28/2023,2023-2024,UpToDate_2023_2024,All Ages,"Asian, non-Latinx",Male,91422,5625,0.1
11/04/2023,2023-2024,UpToDate_2023_2024,All Ages,"Asian, non-Latinx",Male,91422,5800,0.1
09/16/2023,2023-2024,UpToDate_2023_2024,All Ages,"Asian, non-Latinx",Unknown,,0,
09/23/2023,2023-2024,UpToDate_2023_2024,All Ages,"Asian, non-Latinx",Unknown,,1,
09/30/2023,2023-2024,UpToDate_2023_2024,All Ages,"Asian, non-Latinx",Unknown,,2,
10/07/2023,2023-2024,UpToDate_2023_2024,All Ages,"Asian, non-Latinx",Unknown,,5,
10/14/2023,2023-2024,UpToDate_2023_2024,All Ages,"Asian, non-Latinx",Unknown,,44,
10/21/2023,2023-2024,UpToDate_2023_2024,All Ages,"Asian, non-Latinx",Unknown,,75,
10/28/2023,2023-2024,UpToDate_2023_2024,All Ages,"Asian, non-Latinx",Unknown,,93,
11/04/2023,2023-2024,UpToDate_2023_2024,All Ages,"Asian, non-Latinx",Unknown,,98,
09/16/2023,2023-2024,UpToDate_2023_2024,All Ages,"Black, non-Latinx",All Sexes,787551,69,0.0
09/23/2023,2023-2024,UpToDate_2023_2024,All Ages,"Black, non-Latinx",All Sexes,787551,2441,0.0
09/30/2023,2023-2024,UpToDate_2023_2024,All Ages,"Black, non-Latinx",All Sexes,787551,5465,0.0
10/07/2023,2023-2024,UpToDate_2023_2024,All Ages,"Black, non-Latinx",All Sexes,787551,10669,0.0
10/14/2023,2023-2024,UpToDate_2023_2024,All Ages,"Black, non-Latinx",All Sexes,787551,16226,0.0
10/21/2023,2023-2024,UpToDate_2023_2024,All Ages,"Black, non-Latinx",All Sexes,787551,21279,0.0
10/28/2023,2023-2024,UpToDate_2023_2024,All Ages,"Black, non-Latinx",All Sexes,787551,24195,0.0
11/04/2023,2023-2024,UpToDate_2023_2024,All Ages,"Black, non-Latinx",All Sexes,787551,25408,0.0
09/16/2023,2023-2024,UpToDate_2023_2024,All Ages,"Black, non-Latinx",Female,429168,44,0.0
09/23/2023,2023-2024,UpToDate_2023_2024,All Ages,"Black, non-Latinx",Female,429168,1448,0.0
09/30/2023,2023-2024,UpToDate_2023_2024,All Ages,"Black, non-Latinx",Female,429168,3261,0.0
10/07/2023,2023-2024,UpToDate_2023_2024,All Ages,"Black, non-Latinx",Female,429168,6095,0.0
10/14/2023,2023-2024,UpToDate_2023_2024,All Ages,"Black, non-Latinx",Female,429168,9309,0.0
10/21/2023,2023-2024,UpToDate_2023_2024,All Ages,"Black, non-Latinx",Female,429168,12220,0.0
10/28/2023,2023-2024,UpToDate_2023_2024,All Ages,"Black, non-Latinx",Female,429168,14026,0.0
11/04/2023,2023-2024,UpToDate_2023_2024,All Ages,"Black, non-Latinx",Female,429168,14724,0.0
09/16/2023,2023-2024,UpToDate_2023_2024,All Ages,"Black, non-Latinx",Male,358383,25,0.0
09/23/2023,2023-2024,UpToDate_2023_2024,All Ages,"Black, non-Latinx",Male,358383,993,0.0
09/30/2023,2023-2024,UpToDate_2023_2024,All Ages,"Black, non-Latinx",Male,358383,2202,0.0
10/07/2023,2023-2024,UpToDate_2023_2024,All Ages,"Black, non-Latinx",Male,358383,4567,0.0
10/14/2023,2023-2024,UpToDate_2023_2024,All Ages,"Black, non-Latinx",Male,358383,6868,0.0
10/21/2023,2023-2024,UpToDate_2023_2024,All Ages,"Black, non-Latinx",Male,358383,8980,0.0
10/28/2023,2023-2024,UpToDate_2023_2024,All Ages,"Black, non-Latinx",Male,358383,10083,0.0
11/04/2023,2023-2024,UpToDate_2023_2024,All Ages,"Black, non-Latinx",Male,358383,10593,0.0
09/16/2023,2023-2024,UpToDate_2023_2024,All Ages,"Black, non-Latinx",Unknown,,0,
09/23/2023,2023-2024,UpToDate_2023_2024,All Ages,"Black, non-Latinx",Unknown,,0,
09/30/2023,2023-2024,UpToDate_2023_2024,All Ages,"Black, non-Latinx",Unknown,,2,
10/07/2023,2023-2024,UpToDate_2023_2024,All Ages,"Black, non-Latinx",Unknown,,7,
10/14/2023,2023-2024,UpToDate_2023_2024,All Ages,"Black, non-Latinx",Unknown,,49,
10/21/2023,2023-2024,UpToDate_2023_2024,All Ages,"Black, non-Latinx",Unknown,,79,
10/28/2023,2023-2024,UpToDate_2023_2024,All Ages,"Black, non-Latinx",Unknown,,86,
11/04/2023,2023-2024,UpToDate_2023_2024,All Ages,"Black, non-Latinx",Unknown,,91,
09/16/2023,2023-2024,UpToDate_2023_2024,All Ages,Latinx,All Sexes,819518,84,0.0
09/23/2023,2023-2024,UpToDate_2023_2024,All Ages,Latinx,All Sexes,819518,2429,0.0
09/30/2023,2023-2024,UpToDate_2023_2024,All Ages,Latinx,All Sexes,819518,5413,0.0
10/07/2023,2023-2024,UpToDate_2023_2024,All Ages,Latinx,All Sexes,819518,9723,0.0
10/14/2023,2023-2024,UpToDate_2023_2024,All Ages,Latinx,All Sexes,819518,14597,0.0
10/21/2023,2023-2024,UpToDate_2023_2024,All Ages,Latinx,All Sexes,819518,19272,0.0
10/28/2023,2023-2024,UpToDate_2023_2024,All Ages,Latinx,All Sexes,819518,21952,0.0
11/04/2023,2023-2024,UpToDate_2023_2024,All Ages,Latinx,All Sexes,819518,23008,0.0
09/16/2023,2023-2024,UpToDate_2023_2024,All Ages,Latinx,Female,408418,40,0.0
09/23/2023,2023-2024,UpToDate_2023_2024,All Ages,Latinx,Female,408418,1252,0.0
09/30/2023,2023-2024,UpToDate_2023_2024,All Ages,Latinx,Female,408418,2875,0.0
10/07/2023,2023-2024,UpToDate_2023_2024,All Ages,Latinx,Female,408418,5130,0.0
10/14/2023,2023-2024,UpToDate_2023_2024,All Ages,Latinx,Female,408418,7646,0.0
10/21/2023,2023-2024,UpToDate_2023_2024,All Ages,Latinx,Female,408418,10143,0.0
10/28/2023,2023-2024,UpToDate_2023_2024,All Ages,Latinx,Female,408418,11577,0.0
11/04/2023,2023-2024,UpToDate_2023_2024,All Ages,Latinx,Female,408418,12109,0.0
09/16/2023,2023-2024,UpToDate_2023_2024,All Ages,Latinx,Male,411100,44,0.0
09/23/2023,2023-2024,UpToDate_2023_2024,All Ages,Latinx,Male,411100,1177,0.0
09/30/2023,2023-2024,UpToDate_2023_2024,All Ages,Latinx,Male,411100,2535,0.0
10/07/2023,2023-2024,UpToDate_2023_2024,All Ages,Latinx,Male,411100,4587,0.0
10/14/2023,2023-2024,UpToDate_2023_2024,All Ages,Latinx,Male,411100,6889,0.0
10/21/2023,2023-2024,UpToDate_2023_2024,All Ages,Latinx,Male,411100,9041,0.0
10/28/2023,2023-2024,UpToDate_2023_2024,All Ages,Latinx,Male,411100,10276,0.0
11/04/2023,2023-2024,UpToDate_2023_2024,All Ages,Latinx,Male,411100,10798,0.0
09/16/2023,2023-2024,UpToDate_2023_2024,All Ages,Latinx,Unknown,,0,
09/23/2023,2023-2024,UpToDate_2023_2024,All Ages,Latinx,Unknown,,0,
09/30/2023,2023-2024,UpToDate_2023_2024,All Ages,Latinx,Unknown,,3,
10/07/2023,2023-2024,UpToDate_2023_2024,All Ages,Latinx,Unknown,,6,
10/14/2023,2023-2024,UpToDate_2023_2024,All Ages,Latinx,Unknown,,62,
10/21/2023,2023-2024,UpToDate_2023_2024,All Ages,Latinx,Unknown,,88,
10/28/2023,2023-2024,UpToDate_2023_2024,All Ages,Latinx,Unknown,,99,
11/04/2023,2023-2024,UpToDate_2023_2024,All Ages,Latinx,Unknown,,101,
09/16/2023,2023-2024,UpToDate_2023_2024,All Ages,"Other, non-Latinx",All Sexes,85840,21,0.0
09/23/2023,2023-2024,UpToDate_2023_2024,All Ages,"Other, non-Latinx",All Sexes,85840,492,0.0
09/30/2023,2023-2024,UpToDate_2023_2024,All Ages,"Other, non-Latinx",All Sexes,85840,1053,0.0
10/07/2023,2023-2024,UpToDate_2023_2024,All Ages,"Other, non-Latinx",All Sexes,85840,1849,0.0
10/14/2023,2023-2024,UpToDate_2023_2024,All Ages,"Other, non-Latinx",All Sexes,85840,2585,0.0
10/21/2023,2023-2024,UpToDate_2023_2024,All Ages,"Other, non-Latinx",All Sexes,85840,3841,0.0
10/28/2023,2023-2024,UpToDate_2023_2024,All Ages,"Other, non-Latinx",All Sexes,85840,5240,0.1
11/04/2023,2023-2024,UpToDate_2023_2024,All Ages,"Other, non-Latinx",All Sexes,85840,5716,0.1
09/16/2023,2023-2024,UpToDate_2023_2024,All Ages,"Other, non-Latinx",Female,44758,12,0.0
09/23/2023,2023-2024,UpToDate_2023_2024,All Ages,"Other, non-Latinx",Female,44758,246,0.0
09/30/2023,2023-2024,UpToDate_2023_2024,All Ages,"Other, non-Latinx",Female,44758,562,0.0
10/07/2023,2023-2024,UpToDate_2023_2024,All Ages,"Other, non-Latinx",Female,44758,989,0.0
10/14/2023,2023-2024,UpToDate_2023_2024,All Ages,"Other, non-Latinx",Female,44758,1378,0.0
10/21/2023,2023-2024,UpToDate_2023_2024,All Ages,"Other, non-Latinx",Female,44758,2075,0.0
10/28/2023,2023-2024,UpToDate_2023_2024,All Ages,"Other, non-Latinx",Female,44758,2844,0.1
11/04/2023,2023-2024,UpToDate_2023_2024,All Ages,"Other, non-Latinx",Female,44758,3090,0.1
09/16/2023,2023-2024,UpToDate_2023_2024,All Ages,"Other, non-Latinx",Male,41082,9,0.0
09/23/2023,2023-2024,UpToDate_2023_2024,All Ages,"Other, non-Latinx",Male,41082,245,0.0
09/30/2023,2023-2024,UpToDate_2023_2024,All Ages,"Other, non-Latinx",Male,41082,488,0.0
10/07/2023,2023-2024,UpToDate_2023_2024,All Ages,"Other, non-Latinx",Male,41082,853,0.0
10/14/2023,2023-2024,UpToDate_2023_2024,All Ages,"Other, non-Latinx",Male,41082,1197,0.0
10/21/2023,2023-2024,UpToDate_2023_2024,All Ages,"Other, non-Latinx",Male,41082,1751,0.0
10/28/2023,2023-2024,UpToDate_2023_2024,All Ages,"Other, non-Latinx",Male,41082,2379,0.1
11/04/2023,2023-2024,UpToDate_2023_2024,All Ages,"Other, non-Latinx",Male,41082,2607,0.1
09/16/2023,2023-2024,UpToDate_2023_2024,All Ages,"Other, non-Latinx",Unknown,,0,
09/23/2023,2023-2024,UpToDate_2023_2024,All Ages,"Other, non-Latinx",Unknown,,1,
09/30/2023,2023-2024,UpToDate_2023_2024,All Ages,"Other, non-Latinx",Unknown,,3,
10/07/2023,2023-2024,UpToDate_2023_2024,All Ages,"Other, non-Latinx",Unknown,,7,
10/14/2023,2023-2024,UpToDate_2023_2024,All Ages,"Other, non-Latinx",Unknown,,10,
10/21/2023,2023-2024,UpToDate_2023_2024,All Ages,"Other, non-Latinx",Unknown,,15,
10/28/2023,2023-2024,UpToDate_2023_2024,All Ages,"Other, non-Latinx",Unknown,,17,
11/04/2023,2023-2024,UpToDate_2023_2024,All Ages,"Other, non-Latinx",Unknown,,19,
09/16/2023,2023-2024,UpToDate_2023_2024,All Ages,Unknown,All Sexes,,8,
09/23/2023,2023-2024,UpToDate_2023_2024,All Ages,Unknown,All Sexes,,1158,
09/30/2023,2023-2024,UpToDate_2023_2024,All Ages,Unknown,All Sexes,,2477,
10/07/2023,2023-2024,UpToDate_2023_2024,All Ages,Unknown,All Sexes,,4396,
10/14/2023,2023-2024,UpToDate_2023_2024,All Ages,Unknown,All Sexes,,6359,
10/21/2023,2023-2024,UpToDate_2023_2024,All Ages,Unknown,All Sexes,,7381,
10/28/2023,2023-2024,UpToDate_2023_2024,All Ages,Unknown,All Sexes,,7512,
11/04/2023,2023-2024,UpToDate_2023_2024,All Ages,Unknown,All Sexes,,7614,
09/16/2023,2023-2024,UpToDate_2023_2024,All Ages,Unknown,Female,,4,
09/23/2023,2023-2024,UpToDate_2023_2024,All Ages,Unknown,Female,,560,
09/30/2023,2023-2024,UpToDate_2023_2024,All Ages,Unknown,Female,,1193,
10/07/2023,2023-2024,UpToDate_2023_2024,All Ages,Unknown,Female,,2189,
10/14/2023,2023-2024,UpToDate_2023_2024,All Ages,Unknown,Female,,3257,
10/21/2023,2023-2024,UpToDate_2023_2024,All Ages,Unknown,Female,,3818,
10/28/2023,2023-2024,UpToDate_2023_2024,All Ages,Unknown,Female,,3883,
11/04/2023,2023-2024,UpToDate_2023_2024,All Ages,Unknown,Female,,3932,
09/16/2023,2023-2024,UpToDate_2023_2024,All Ages,Unknown,Male,,4,
09/23/2023,2023-2024,UpToDate_2023_2024,All Ages,Unknown,Male,,598,
09/30/2023,2023-2024,UpToDate_2023_2024,All Ages,Unknown,Male,,1284,
10/07/2023,2023-2024,UpToDate_2023_2024,All Ages,Unknown,Male,,2201,
10/14/2023,2023-2024,UpToDate_2023_2024,All Ages,Unknown,Male,,3081,
10/21/2023,2023-2024,UpToDate_2023_2024,All Ages,Unknown,Male,,3533,
10/28/2023,2023-2024,UpToDate_2023_2024,All Ages,Unknown,Male,,3598,
11/04/2023,2023-2024,UpToDate_2023_2024,All Ages,Unknown,Male,,3650,
09/16/2023,2023-2024,UpToDate_2023_2024,All Ages,Unknown,Unknown,,0,
09/23/2023,2023-2024,UpToDate_2023_2024,All Ages,Unknown,Unknown,,0,
09/30/2023,2023-2024,UpToDate_2023_2024,All Ages,Unknown,Unknown,,0,
10/07/2023,2023-2024,UpToDate_2023_2024,All Ages,Unknown,Unknown,,6,
10/14/2023,2023-2024,UpToDate_2023_2024,All Ages,Unknown,Unknown,,21,
10/21/2023,2023-2024,UpToDate_2023_2024,All Ages,Unknown,Unknown,,30,
10/28/2023,2023-2024,UpToDate_2023_2024,All Ages,Unknown,Unknown,,31,
11/04/2023,2023-2024,UpToDate_2023_2024,All Ages,Unknown,Unknown,,32,
09/16/2023,2023-2024,UpToDate_2023_2024,All Ages,"White, non-Latinx",All Sexes,863622,392,0.0
09/23/2023,2023-2024,UpToDate_2023_2024,All Ages,"White, non-Latinx",All Sexes,863622,14137,0.0
09/30/2023,2023-2024,UpToDate_2023_2024,All Ages,"White, non-Latinx",All Sexes,863622,29195,0.0
10/07/2023,2023-2024,UpToDate_2023_2024,All Ages,"White, non-Latinx",All Sexes,863622,48197,0.1
10/14/2023,2023-2024,UpToDate_2023_2024,All Ages,"White, non-Latinx",All Sexes,863622,66266,0.1
10/21/2023,2023-2024,UpToDate_2023_2024,All Ages,"White, non-Latinx",All Sexes,863622,81192,0.1
10/28/2023,2023-2024,UpToDate_2023_2024,All Ages,"White, non-Latinx",All Sexes,863622,89637,0.1
11/04/2023,2023-2024,UpToDate_2023_2024,All Ages,"White, non-Latinx",All Sexes,863622,92563,0.1
09/16/2023,2023-2024,UpToDate_2023_2024,All Ages,"White, non-Latinx",Female,432884,198,0.0
09/23/2023,2023-2024,UpToDate_2023_2024,All Ages,"White, non-Latinx",Female,432884,7540,0.0
09/30/2023,2023-2024,UpToDate_2023_2024,All Ages,"White, non-Latinx",Female,432884,15619,0.0
10/07/2023,2023-2024,UpToDate_2023_2024,All Ages,"White, non-Latinx",Female,432884,26100,0.1
10/14/2023,2023-2024,UpToDate_2023_2024,All Ages,"White, non-Latinx",Female,432884,35790,0.1
10/21/2023,2023-2024,UpToDate_2023_2024,All Ages,"White, non-Latinx",Female,432884,43729,0.1
10/28/2023,2023-2024,UpToDate_2023_2024,All Ages,"White, non-Latinx",Female,432884,48266,0.1
11/04/2023,2023-2024,UpToDate_2023_2024,All Ages,"White, non-Latinx",Female,432884,49792,0.1
09/16/2023,2023-2024,UpToDate_2023_2024,All Ages,"White, non-Latinx",Male,430738,193,0.0
09/23/2023,2023-2024,UpToDate_2023_2024,All Ages,"White, non-Latinx",Male,430738,6595,0.0
09/30/2023,2023-2024,UpToDate_2023_2024,All Ages,"White, non-Latinx",Male,430738,13573,0.0
10/07/2023,2023-2024,UpToDate_2023_2024,All Ages,"White, non-Latinx",Male,430738,22086,0.1
10/14/2023,2023-2024,UpToDate_2023_2024,All Ages,"White, non-Latinx",Male,430738,30374,0.1
10/21/2023,2023-2024,UpToDate_2023_2024,All Ages,"White, non-Latinx",Male,430738,37291,0.1
10/28/2023,2023-2024,UpToDate_2023_2024,All Ages,"White, non-Latinx",Male,430738,41169,0.1
11/04/2023,2023-2024,UpToDate_2023_2024,All Ages,"White, non-Latinx",Male,430738,42550,0.1
09/16/2023,2023-2024,UpToDate_2023_2024,All Ages,"White, non-Latinx",Unknown,,1,
09/23/2023,2023-2024,UpToDate_2023_2024,All Ages,"White, non-Latinx",Unknown,,2,
09/30/2023,2023-2024,UpToDate_2023_2024,All Ages,"White, non-Latinx",Unknown,,3,
10/07/2023,2023-2024,UpToDate_2023_2024,All Ages,"White, non-Latinx",Unknown,,11,
10/14/2023,2023-2024,UpToDate_2023_2024,All Ages,"White, non-Latinx",Unknown,,102,
10/21/2023,2023-2024,UpToDate_2023_2024,All Ages,"White, non-Latinx",Unknown,,172,
10/28/2023,2023-2024,UpToDate_2023_2024,All Ages,"White, non-Latinx",Unknown,,202,
11/04/2023,2023-2024,UpToDate_2023_2024,All Ages,"White, non-Latinx",Unknown,,221,
